{
  "hash": "febccc6e",
  "configHash": "e6772814",
  "lockfileHash": "3fb36d58",
  "browserHash": "5296b992",
  "optimized": {
    "@angular/common": {
      "src": "../../../../../node_modules/@angular/common/fesm2022/common.mjs",
      "file": "@angular_common.js",
      "fileHash": "744c7aa1",
      "needsInterop": false
    },
    "@angular/common/http": {
      "src": "../../../../../node_modules/@angular/common/fesm2022/http.mjs",
      "file": "@angular_common_http.js",
      "fileHash": "a5bf6d6e",
      "needsInterop": false
    },
    "@angular/core": {
      "src": "../../../../../node_modules/@angular/core/fesm2022/core.mjs",
      "file": "@angular_core.js",
      "fileHash": "adc5be13",
      "needsInterop": false
    },
    "@angular/forms": {
      "src": "../../../../../node_modules/@angular/forms/fesm2022/forms.mjs",
      "file": "@angular_forms.js",
      "fileHash": "28bb7a5e",
      "needsInterop": false
    },
    "@angular/platform-browser": {
      "src": "../../../../../node_modules/@angular/platform-browser/fesm2022/platform-browser.mjs",
      "file": "@angular_platform-browser.js",
      "fileHash": "9b71421a",
      "needsInterop": false
    },
    "@angular/router": {
      "src": "../../../../../node_modules/@angular/router/fesm2022/router.mjs",
      "file": "@angular_router.js",
      "fileHash": "c7abbe99",
      "needsInterop": false
    },
    "creditcardpayments/creditCardPayments": {
      "src": "../../../../../node_modules/creditcardpayments/creditCardPayments.js",
      "file": "creditcardpayments_creditCardPayments.js",
      "fileHash": "9d715ebb",
      "needsInterop": false
    }
  },
  "chunks": {
    "chunk-GJPGGYTK": {
      "file": "chunk-GJPGGYTK.js"
    },
    "chunk-VIDPR67G": {
      "file": "chunk-VIDPR67G.js"
    },
    "chunk-4DTXDKPZ": {
      "file": "chunk-4DTXDKPZ.js"
    },
    "chunk-W3YNMFTC": {
      "file": "chunk-W3YNMFTC.js"
    },
    "chunk-J4B6MK7R": {
      "file": "chunk-J4B6MK7R.js"
    }
  }
}